{"cameraMode":{"drawMode":0,"name":"Shaded","section":"Shading Mode"},"sceneLighting":false,"audioPlay":false,"sceneViewState":{"m_AlwaysRefresh":false,"showFog":true,"showSkybox":false,"showFlares":true,"showImageEffects":true,"showParticleSystems":true,"showVisualEffectGraphs":true,"m_FxEnabled":true},"in2DMode":false,"pivot":{"x":16.780000686645509,"y":3.880000114440918,"z":-10.319999694824219},"rotation":{"x":-0.023525288328528405,"y":-0.9689484238624573,"z":0.2236177772283554,"w":-0.10214423388242722},"size":0.2944515347480774,"orthographic":false}